ID,NOMBRE,EMAIL
1,Juan Pérez,jperez12@gmail.com
2,Maria López,malopez@gmail.com
3,Carlos García,carlosgarcia@gmail.com
4,Lucía Martínez,lumartinez@gmail.com
5,Pedro Torres,pedrootorres@gmail.com
6,Elena Fernández,elena.fdez@gmail.com
7,Roberto Gómez,robergomez@gmail.com
8,Patricia Sánchez,patricia.sanchez@gmail.com
9,Ricardo Díaz,ricardo.diaz@gmail.com
10,Sofía Herrera,sofia.herrera@gmail.com
11,Andrés Ramírez,andres.ramirez@gmail.com
12,Ana Morales,ana.morales@gmail.com
13,Javier Castillo,javicastillo@gmail.com
14,Carolina Núñez,caronunez@gmail.com
15,Miguel Ángel,migueangel@gmail.com
16,Laura Rivas,laurarivas3@gmail.com
17,Tomás Ortega,ortegaa2@gmail.com
18,Gaspar Ginter,gasparin77@gmail.com
19,Sebastián Prieto,sebastianprieto77@gmail.com
20,Gloria Méndez,gloria.mendez@gmail.com
21,Aron Lovey,aronlovey@gmail.com
22,Juan Pedro Martinez,juanpi123@gmail.com